# key	ru	en
unit.m	м	m
unit.mps	м/с	m/s
unit.min	мин	min
compass.n	С	N
compass.e	В	E
compass.s	Ю	S
compass.w	З	W
dir.n	на севере	to the north
dir.ne	на северо-востоке	to the north-east
dir.e	на востоке	to the east
dir.se	на юго-востоке	to the south-east
dir.s	на юге	to the south
dir.sw	на юго-западе	to the south-west
dir.w	на западе	to the west
dir.nw	на северо-западе	to the north-west
hud.health	Здоровье	Health
hud.stamina	Выносливость	Stamina
hud.hold	Трюм	Hold
hud.unlocked	Открыто	Unlocked
wind.head	Ветер встречный	Headwind
wind.beam	Ветер боковой	Beam wind
wind.tail	Ветер попутный	Following wind
sail.full	полный ход	full speed
sail.slow	ход тише	slower going
hint.boat	W — парус · S — вёсла · A/D — руль · правая кнопка мыши — осмотреться · M — лоция	W — sail · S — oars · A/D — rudder · right mouse — look around · M — chart
goal.sail	Плыви на огонёк маяка — он мерцает в тумане.	Sail towards the beacon light flickering in the fog.
goal.free	Все маяки горят. Мга ушла: море открыто, плыви куда хочешь.	Every beacon burns. The Mga is gone: the sea is open, sail anywhere.
target.beacon	До маяка «%s»	Beacon “%s”
cmd.unknown_player	Такого игрока нет в мире.	No such player in this world.
cmd.unknown_command	Так нельзя.	That can't be done.
cmd.bad_node	Здесь нечего брать.	Nothing to take here.
cmd.depleted	Здесь уже всё собрано. Вернётся через пару дней.	Already gathered. It grows back in a couple of days.
cmd.not_gatherable	Это не собирают руками.	That can't be gathered.
cmd.not_here	Здесь этого нет.	Not found here.
cmd.region_locked	Этот берег ещё закрыт Мгой.	The Mga still hides this shore.
cmd.need_tool	Нужен инструмент.	You need a tool.
cmd.no_space	Некуда положить: сумка полна.	No room: the bag is full.
cmd.too_far	Слишком далеко.	Too far away.
cmd.unknown_piece	Такой постройки нет.	No such building piece.
cmd.locked	Ещё не открыто.	Not unlocked yet.
cmd.missing	Не хватает материалов.	Not enough materials.
cmd.unknown_uid	Этого уже нет.	It's gone.
cmd.unknown_beacon	Такого маяка нет.	No such beacon.
cmd.not_in_this_mode	В этом режиме так нельзя.	Not in this world mode.
cmd.busy	Сейчас идёт бой.	A fight is on.
cmd.wrong_trial	Этот маяк зажигают иначе.	This beacon is lit another way.
cmd.no_fight	Сначала начни бой.	Start the fight first.
cmd.already_lit	Маяк уже горит.	The beacon already burns.
cmd.trial_not_done	Сначала пройди испытание маяка.	Pass the beacon's trial first.
cmd.unknown_mode	Такого режима нет.	No such mode.
cmd.bad_pos	Туда нельзя.	You can't go there.
cmd.unknown_boat	Лодки нет.	No boat.
cmd.already_aboard	Ты уже в лодке.	You are already aboard.
cmd.not_aboard	Ты не в лодке.	You are not aboard.
cmd.no_land	Здесь нет берега.	No shore here.
cmd.unknown_recipe	Такого рецепта нет.	No such recipe.
cmd.no_station	Нужна станция рядом.	You need the station nearby.
cmd.not_a_light	Это не светит.	That gives no light.
cmd.no_fuel	Нет ворвани для фонаря.	No fish oil for the lantern.
tool.hand	руки	hands
tool.axe	топор	an axe
tool.knife	нож	a knife
tool.shovel	лопата	a shovel
tool.pick	кайло	a pick
tool.rod	удочка	a fishing rod
act.chop	Рубить: %s	Chop: %s
act.cut	Срезать: %s	Cut: %s
act.mine	Колоть: %s	Mine: %s
act.dig	Копать: %s	Dig: %s
act.take	Взять: %s	Take: %s
act.fish	Удить: %s	Fish: %s
act.need_tool	Нужен инструмент: %s	You need %s
act.working	%s… %d/%d	%s… %d/%d
act.land	Сойти на берег	Go ashore
act.board	Сесть в лодку	Board the boat
act.make_torch	Сделать факел	Make a torch
act.light_torch	Зажечь факел	Light the torch
act.other	Q — другое	Q — other
goal.land	Берег рядом. Сойди на него.	The shore is close. Go ashore.
goal.need_fire	На острове туман гуще: без огня тропы не видно. Нужен факел — хворост и живица (живицу срезают ножом с сосны).	The fog is thicker on the island: without fire you cannot see the path. You need a torch — sticks and resin (cut resin from a pine with a knife).
goal.climb	Факел горит и раздвигает туман. Поднимись по тропе к маяку.	The torch pushes the fog back. Climb the path to the beacon.
goal.back_to_boat	Маяк на другом острове. Вернись к лодке и плыви на огонёк.	The beacon is on another island. Go back to the boat and sail towards the light.
goal.home	Родной остров. Собирай камни, хворост и волокно — из них делают первые инструменты. Потом к лодке и на огонёк.	Home island. Gather stones, sticks and fibre — the first tools are made from them. Then to the boat and towards the light.
target.boat	До лодки	Boat
hint.foot	W/S — идти · A/D — поворот · Shift — бег · Пробел — прыжок · правая кнопка мыши — осмотреться · E — действие · Q — выбрать	W/S — walk · A/D — turn · Shift — run · Space — jump · right mouse — look around · E — action · Q — choose
toast.light_out	Факел догорел.	The torch burnt out.
cmd.background	Это долгий рецепт: заложи его в станцию, он сготовится сам.	A long recipe: load it into the station and it cooks by itself.
cmd.wrong_station	Этот рецепт делают на другой станции.	This recipe belongs to another station.
cmd.not_background	Это делают сразу, без закладки.	This is made right away, no need to load it.
cmd.queue_full	Станция загружена до отказа.	The station is full.
cmd.empty	Пока пусто.	Nothing yet.
cmd.not_food	Это не едят.	That's not food.
cmd.already_eaten	Это блюдо уже греет. Съешь что-нибудь другое.	That dish is still warming you. Eat something else.
cmd.food_full	Все три места для еды заняты.	All three food slots are full.
kind.raw	Сырьё	Raw material
kind.tool	Инструмент	Tool
kind.food	Еда	Food
kind.fuel	Топливо маяков	Beacon fuel
kind.material	Материал	Material
kind.light	Свет	Light
kind.weapon	Оружие	Weapon
kind.armor	Снаряжение	Gear
kind.ammo	Стрелы	Ammunition
kind.valuable	Ценность	Valuable
kind.trinket	Оберег	Charm
info.fuel	Горит жарко и долго. Маяки: %s.	Burns hot and long. Beacons: %s.
info.tool	Ярус %d. Им собирают: %s.	Tier %d. Gathers: %s.
info.food	+%d здоровья и +%d выносливости на %d мин. Голода нет: еда только помогает.	+%d health and +%d stamina for %d min. No hunger: food only helps.
info.lantern	Раздвигает туман на %d м. Одна %s — на %d мин, берётся из сумки сама.	Pushes the fog back %d m. One %s lasts %d min and is taken from the bag by itself.
info.torch	Раздвигает туман на %d м, горит %d мин.	Pushes the fog back %d m, burns for %d min.
info.eternal	Раздвигает туман на %d м и не гаснет.	Pushes the fog back %d m and never goes out.
info.weapon	Урон %d, выносливость за удар %d.	Damage %d, stamina per blow %d.
info.gather	Собирают: %s. Впервые — %s.	Gathered with: %s. First found: %s.
info.used_for	Идёт на: %s	Used for: %s
unit.s	с	s
ui.bag	Сумка	Bag
ui.food_slots	Еда · 3 места	Food · 3 places
ui.empty	пусто	empty
ui.by_hand	Руками	By hand
ui.nearby	рядом: %s	nearby: %s
ui.recipes_hand	Рецепты без станции	Recipes by hand
ui.recipes_of	Рецепты: %s	Recipes: %s
ui.cooking	В работе	Cooking
ui.waiting	ждёт	waiting
ui.cancel_load	Вынуть: всё вернётся	Take out: everything comes back
ui.ready	Готово: %s	Ready: %s
ui.collect	Забрать	Collect
ui.opens_at	откроет %s	opens with %s
ui.can	можно ×%d	can ×%d
ui.lacks	нет: %s	lacks: %s
ui.background_short	в фоне	background
ui.pick_recipe	Выбери рецепт или вещь в сумке. Правая кнопка мыши по еде — съесть, по факелу — зажечь.	Pick a recipe or a thing in the bag. Right-click food to eat it, a torch to light it.
ui.making	Делаю… %d%%	Making… %d%%
ui.load	Заложить	Load
ui.make	Сделать	Make
ui.make_all	Сделать всё (×%d)	Make all (×%d)
ui.background_note	Долгий рецепт идёт в фоне: заложил — и можно уходить. Готовое ждёт в станции.	A long recipe cooks in the background: load it and go. It waits in the station.
ui.background_hint	Долгие рецепты (уголь, железо, дёготь, соль) идут в фоне: заложил — и можно уходить.	Long recipes (charcoal, iron, tar, salt) cook in the background: load and go.
ui.eat	Съесть	Eat
ui.light	Зажечь	Light
ui.rested	Отдых	Rested
craft.unknown_recipe	Такого рецепта нет.	No such recipe.
craft.locked	Ещё не открыто.	Not unlocked yet.
craft.no_station	Нужна станция рядом (в 6 м).	You need the station nearby (within 6 m).
craft.missing	Не хватает материалов.	Not enough materials.
craft.no_space	Сумка полна.	The bag is full.
ui.stations	Поставить станцию	Set up a station
ui.place	Поставить	Place
act.hook	Подсечь!	Strike!
act.reel	Удочка %d/%d · E — смотать	Rod %d/%d · E — reel in
act.station	%s — открыть	%s — open
act.collect	Забрать: %s	Collect: %s
toast.station_done	%s: готово	%s: done
toast.fish_lost	Сорвалась…	It got away…
toast.ate	Съедено: %s	Eaten: %s
hint.fishing	Жди поклёвку. Поплавок нырнул — жми E.	Wait for a bite. When the float dives, press E.
